"userid","churn_risk","no_of_orders_0_30","wallet_balance"
"a701f963-238b-457d-8e94-bcfc75f8e405",85,1,37
"6fb25185-4abc-425f-80ee-f654e404aac5",92,1,203
"a3f1f3b2-5e61-4e08-9742-94cb51f58f17",88,1,114
"90cb12d7-3bdb-4446-b7f0-cb01f3af6315",92,1,157
"ef05c9d1-6c8e-4dd2-ad52-3a1a42d5706a",94,1,38
"9ad226c7-7683-4293-9a1f-92e6d5fef35c",95,1,60
"d277acef-6527-4c9a-a618-1687dd85aee1",96,1,47
"0ed69b40-9872-4f5e-b075-d8365edab8f0",86,1,174
"f8134bb3-6ca6-4891-8b51-4e5351e57892",80,2,19
"51a455c7-db64-4b5f-a9fd-ff9807135834",85,1,179
"a9933ffb-5e65-4ddd-807d-74b632b8f3e7",85,2,40
"c205c354-c050-47bc-8627-3fd9f38463d0",84,1,72
"e4173e89-9071-4080-9c0e-f3d3c5e7029a",83,1,51
"b01d72ee-6217-463d-bd3a-3c2b71c15abe",82,1,229
"fdfc9b3c-482f-45bd-ad83-8dd27cfd0822",92,1,96
"3450f6c6-8854-418f-bc4b-798ad99f6935",86,1,172
"a331baef-aa51-4ad8-933e-9b52cef9168e",82,1,44
"1089be9a-23c2-4062-b7aa-5a953b978a1c",80,1,64
"20046621-18a6-4fec-86b3-f4c4a0e11862",85,1,49
"da64860c-37bf-41e9-849d-9acd582d8012",79,2,0
"38ddc86e-4b46-4b73-8566-a09a4df01fef",81,1,88
"1d8e33f2-5546-46ec-8564-8352019baa40",83,1,182
"42e20a29-1a8b-4221-995b-ab960f50f573",95,1,349
"34d0dd83-8cbd-4614-8474-496edfc65cbd",88,1,84
"28d21c41-be5c-4f85-bf09-3afb060afd33",91,1,1033
"b101040b-4968-4061-8c8a-04989fe632f1",79,2,34
"f338589a-5d5f-4f08-a432-1f0e096c800a",88,1,121
"c8b72464-578c-47c2-8283-ea523809492a",80,1,314
"3d1850cd-73e0-49dc-b52f-7f53edde8369",79,2,57
"05c1f59c-be39-4681-b0b2-a7a4cd6bed6c",80,1,380
"c5058a30-746b-4bf9-bc8e-a61afec228e4",83,1,76
"11ebd762-766f-46f3-ba80-54b2c9c3b64d",94,1,113
"45558152-7ad8-488a-a53f-450a27baf22a",90,1,138
"92ef0499-0bdc-41e3-8406-64aec26307dc",80,2,128
"647978b1-d4fb-4265-897c-3f19e81b1e68",82,2,950
"2897583e-7534-46c0-a7e5-e810e6337a9d",89,2,227
"de059eb5-7fa7-459e-b1f4-7e6d608f93fb",83,2,77
"4d4388f5-cf58-4b7c-a341-02bccb1b053d",91,1,464
"a0e786fa-c5f8-4890-8f1c-2da9df8f638d",84,1,80
"357bfe41-4cd3-4647-bdb9-95d8c7666d89",90,1,82
"152466bc-e9eb-42bd-9b56-94fb7dbdd4b2",97,2,25
"a174ce79-093a-4da5-96e6-e8cb288445da",82,1,177
"1f66e21f-d0c3-44f0-b099-43d1fcb1709b",80,2,659
"a9718f0d-e5d7-4e61-9b9e-b29406f3ed66",88,1,4
"8a483810-2388-40d3-85f1-2e24bf37ec56",85,2,550
"23ebc1d3-a5db-46fb-80ab-e7bc4a191c40",92,2,50
"53ffad24-15d8-4702-8677-33183cde3ff9",81,1,200
"283af2d5-29f8-4a22-813f-d4006787d727",79,1,484
"54de07b3-05de-4df1-bd5d-2cac3ccf4b80",81,3,57
"4d807736-a6c4-4dcf-b943-017c06f79c33",92,1,114
"814b03d6-2bfb-4011-bc19-0d1f27a945e8",85,3,81
"e86e6fa3-ba7f-4b0d-a251-8afb2e0b56a9",79,4,97
"969e9da7-d153-4f53-bd87-ffef7bd74675",79,1,180
"650357ae-95f9-469f-9ed1-26f379691692",79,3,78
"f291017a-84d9-4d34-9196-a34e842a6f61",91,1,120
"e9e94a79-1977-4fad-b54d-57a9276cf5d4",86,2,519
"af6519e3-52c3-4863-9184-43825f10a1a8",86,1,321
"NRJ4z0DXVX",84,2,105
"793a64f1-cfb9-4edb-9572-68064391e65e",82,3,42
"fa2771e2-8c91-44db-aac0-f052022032db",82,1,170
"607803f2-43ff-437c-80c2-41fa863e2529",85,4,32
"37b8158b-dd1b-4d68-9637-4d24cf20c5e1",97,1,249
"c52f7225-0976-47b9-ab9e-381db8ccfa9b",80,1,172
"68f82184-d7e8-46d3-9fe7-c558a6192d5f",84,1,28
"d93fb0fc-2775-41be-a61f-5665c85411c4",90,1,336
"72fa5d92-afc8-4320-b4aa-a1411f5080cb",79,1,159
"6cad00ad-6ed8-43f2-bf32-0130d8155d1a",85,1,1491
"u7WVs9xruH",84,4,146
"4913623c-e8d1-4a3a-9313-01dbf0b5ccfc",83,2,177
"ce15ebe9-1315-4e15-91fc-935bc51f1504",93,1,178
"d7b7bfa8-3479-46ed-9f58-76b40f51cb7e",90,4,50
"cd31f216-f5f4-4c22-b81c-16bb77a06034",80,1,83
"04e1c1b7-f838-48b2-93c3-767694e359a8",79,3,460
"1b0f18cd-5dcb-41d9-8938-31458cab0dbe",79,2,51
"26077570-9377-4a31-914d-9911c2226843",79,2,116
"586579b8-b9ec-4168-be26-da81cad58afb",79,2,106
"2f88b997-182c-4ec0-9272-56367a67733d",86,4,18
"a3cd6ee4-0535-4461-b6a5-199d41ab178a",84,4,67
"a1c38c9e-2147-46fa-a4d8-d5cd97baee85",89,3,253
"30c31ae4-e1b6-4127-bdb9-61ee630be22e",89,3,67
"b16d26a3-5e4a-448d-a339-0f08f77eea66",83,2,325
"ed672106-599b-49f3-9ceb-6084a2f9e2c6",82,1,281
"92389519-db59-463a-b393-e32617813ec7",84,1,110
"bb00e832-c538-42e6-aace-cefaa4f51862",79,1,112
"b02f8e03-e30b-47ca-b80f-87fe47f2b400",79,5,101
"137c5d30-8a9f-48fa-8b1f-e586e638ee2e",93,1,203
"e6978fcd-4cf0-481b-8113-54e0c5f84037",82,3,85
"8b14d024-50fd-49ca-888b-a64d1b575a28",79,1,123
"04d5202c-09f8-41a1-acb9-4cdd51f452ea",88,1,1646
"025bef64-4d78-4d7e-8380-b2ed8854e90b",90,4,166
"6254c5ef-543e-4c2e-b68f-19845769e990",93,2,88
"1c9ea120-4520-49f6-b404-c824c3bee47a",88,4,182
"b7275a1b-2715-4b44-b88e-d80a251a1466",82,3,151
"64057f58-5264-499c-b167-d191018259c3",89,3,353
"2479d686-f6c7-48ca-b829-a0b99a22f592",90,4,355
"99c38e4b-4bb3-4c9c-834c-699798ceab01",91,2,210
"37d075de-5bd2-4962-a10c-4adaecd01745",83,7,40
"996babc9-31f3-434f-81db-bba2426b2f36",80,1,300
"7e7e6d5e-3cf6-4951-ac69-5f3229d5b31a",87,1,7
"7d66dc37-85ca-497e-b248-a2bb201f27e2",79,7,69
"01cd4e08-cade-4233-bd68-6c6b600f481e",82,2,253
"f41c8ea1-b2e1-4867-a903-78443f05599b",95,7,45
"f6bb47db-5b5f-488a-88e3-af541cea80ba",83,1,417
"9c7fad88-11ce-48d4-923d-1a5fda9c17dd",89,2,162
"8d9df8d1-6778-45e7-b5d2-0b8770864eb1",85,1,465
"e09d6bc6-495e-4885-99d7-f321e1411fe4",81,4,414
"085916ea-81e8-4218-8836-42b1e002c658",89,1,169
"c33f760b-41cc-4ded-91e8-3eff12658629",84,2,151
"610030a3-f6e8-4c90-9999-98d3f6a0021b",96,2,116
"83dff473-dcc3-4426-a331-ebe7d2a627a8",92,3,43
"bd2dc0c7-0206-4f52-ae73-e93b6be7829f",88,4,154
"d1cad6a8-c1a0-4501-916f-7c0f150819cb",83,4,99
"80b9ffee-6936-414f-9421-fbbc2ef8b47e",83,1,376
"4f68c033-3463-4850-98f8-743a5f6c7e8c",81,4,247
"d786e7ad-7f6e-4d70-8a17-137d205f0c11",86,6,136
"1379dc4a-dfbf-4f64-ac5b-b82554e3bd33",85,2,390
"4dd6bcda-0378-47ea-b273-dbbf68ddbfa9",88,7,52
"d4cca5b2-823a-410d-9453-fc16189e478e",89,4,36
"a68f931b-b45a-4149-a57e-e902f2fe9323",80,2,386
"dac15899-bed5-4a3a-b1bc-af9cded4bcd9",87,2,58
"0fb01e39-dc16-40e7-a8c9-4c7a936f355c",84,9,382
"fd9feb8d-1081-44fe-b045-3ceac50a4bba",92,4,48
"3da08249-e8e4-4149-b8d8-04319e1339f7",80,3,337
"99f4bafe-ed1c-4826-8e5c-38c0db556d7d",88,3,202
"f22d42a7-53f0-4d9b-af65-054cced2d261",83,5,185
"81f45b77-29cd-4921-8da9-ca7132d7d630",92,2,452
"bcb0dca6-55d2-4833-b3b7-46540c8843cc",90,5,51
"6cf88c2a-99f7-4a1f-bd36-4f3e38672e72",85,12,74
"98cc19de-743b-423d-a045-308918614ad8",85,2,234
"eac276bb-4247-4b6a-b077-7f508acbc6ba",85,3,320
"3f16d115-b300-4b76-ae85-74668b16c749",95,2,71
"1ad8904d-397c-485b-abf4-fa77ab3b68a7",83,12,41
"aaf371c2-2969-45f4-a05c-771c743583bd",79,1,494
"208ba034-6ef7-4a92-b888-4a5d963689e8",85,3,499
"0wTsj35xr5",85,1,672
"33f6192f-4ffb-4586-83e0-85c133874f17",83,7,83
"EnejiUh71H",80,8,978
"7143d6b0-607e-44fe-982f-5584862217a2",84,1,780
"82ce7107-2142-4c11-a144-37072b8aa08d",84,2,259
"a7be7560-e8dd-4b14-9b5b-55e323ed5138",86,6,142
"6612c36a-6d59-4e79-b839-f31cc0a3cbb3",81,1,1042
"38aab5bb-422a-44ed-be95-1680184eb4da",91,8,110
"bf52b04d-02b1-40bf-bf6b-98c50d53d8eb",83,3,173
"55f17ddd-da07-4b9e-be39-a35f59f47ab8",85,2,39
"0e83e222-661d-41d8-b0e4-790842d2dbe0",88,2,537
"a6ea7340-10e7-4d38-b2f9-216be0a10c57",87,4,283
"653e7abf-63d0-4222-bba8-6eff33cd10cd",84,4,118
"0cbbb543-a822-4b9d-b2b4-08a1c604fa15",89,5,175
"40de8ad1-d253-462d-9b06-ae5447bd35a9",91,15,44
"135e2812-ba85-4d47-afff-8e0ee8d56f4b",88,1,949
"b1b2817e-e599-41e6-9dda-ff11eeba3aa3",81,1,775
"45a7bc78-bd0f-47ae-8ddb-90f3d3f264cd",82,4,290
"aef28259-40fb-4f60-ae8c-9718f298e199",86,8,412
"22c367d8-7147-4e67-9814-5a41dfbbb1c8",79,5,1315
"0f0ba2cb-c014-4fbc-8e91-a7bddf173e48",88,1,14
"063ed5a6-1909-4332-bef0-5918e59726b2",81,9,275
"7a2f43b1-85b4-4cbd-804a-b507cc4c8cac",80,7,175
"5c11b94d-d603-4404-b124-f3f7da1dc22a",91,4,223
"eb6084c8-8d48-417c-852d-483c2c7d65f8",95,10,53
"5981fc30-579e-48b6-a70f-54377249f8c3",89,2,252
"78317deb-e728-4891-be0f-15d48ca1f748",85,1,859
"66fa3d15-af07-4ced-8695-6613f9764915",80,2,395
"222c7871-8f21-4370-93c2-d956d534ae69",84,3,423
"2f10437c-b7b4-4de0-a920-8e0766f00d15",85,3,264
"03dba7d2-ae61-4487-ba62-f854c4ac0350",81,1,2430
"d57289dd-1268-46bf-acef-a3e1c1af1307",81,12,115
"3a46270a-f2f3-4735-979e-fef4a6207b3d",85,3,47
"d8fcf41b-d5a8-457d-b8db-013a3d77e070",83,2,253
"adaa3870-521f-4316-912b-fcb2a2835ed8",87,2,654
"4805b475-2e4a-4b80-a8fa-c861f8ac2561",82,2,1883
"acfbed64-e73d-488d-988a-7d47cbbe2c70",84,5,248
"1963208d-108d-4feb-a902-caf4696c13c1",87,11,81
"4956b10f-a6e2-44d9-bff1-f08643420533",82,6,705
"73000c54-8aac-4319-8210-3acb918fcbfc",86,1,990
"krGOuGn8Ei",94,3,571
"28592b78-d032-4b7d-bfad-06ea4d180ac1",82,12,55
"1093e851-e05e-4941-be72-a206d3a77ae4",85,7,235
"35fe6b64-928b-4fd7-99ba-2de8fc1e1c3d",84,14,89
"9f782cb1-92ea-4ca9-966b-62c7f880f45f",94,10,0
"823a50f2-11d2-4b78-a756-fc7d98957d0b",82,6,154
"659a7cfa-df2e-4ae4-bebc-8349cd573f3b",82,3,392
"7f470477-3beb-4825-8f04-60482123e87d",85,22,118
"593784da-b10b-4c40-beb5-9257acc9cc6f",85,13,74
"cde9468a-9c14-477f-9969-3eb5284a3d3e",82,5,1098
"e23d14f9-8c03-488f-9778-0cb4029213ac",94,6,60
"d03c7437-bdc2-4fdc-8cfa-f373489cb63c",84,12,223
"7e0963c2-afba-4804-b701-46e1765d2537",94,3,46
"84d93ac2-a142-4d2e-86c9-eb94ff1f1f4d",88,2,59
"80c852ad-5941-45dd-b1d2-8338386d4d53",85,7,103
"f63038a8-6a4e-4c6e-a395-dffe54b6be3b",83,8,209
"ef3a7e60-dc89-486a-a14e-0ba2ece3fbbb",81,5,1854
"2f545152-4255-4796-b47f-a52666d86077",81,20,93
"M0ZtyEs5NU",91,20,89
"2b7d46a2-8027-476b-861b-fa25c3b84208",91,14,55
"b882863c-4525-4eda-aaba-d4512da0718f",88,6,147
"322d3ba1-9ebb-4d2d-bf90-7fae2660d1cb",85,3,1346
"288b2e4b-2bd3-486e-a34d-fa753e9c9819",82,7,74
"3b07c9fc-14bf-43f7-a0be-5ed4717320fc",79,7,292
"7862663b-a2a5-4323-8bd3-0f79698d3e8c",90,21,56
"426b9c5a-98e6-473d-932c-deca1fe256cc",95,11,0
"51d45760-4f3d-476a-9ae6-4b54a503f6cd",88,7,105
"e04daa0d-df72-4e3f-991b-0151366108bd",98,1,5990
"f05beea8-52e1-4f21-babd-5e9f03f66c17",84,6,126
"881756f4-5c8c-42e7-9222-6e9657fd8c4e",87,1,440
"f77ec487-27c9-44a2-8c09-1eaa09799d2c",80,1,0
"e263176d-05ef-4b25-a91e-e9ee37bbc147",84,1,39
"22adf955-4c58-4b78-ae4c-78f160326197",93,1,58
"dcccc45b-7c7d-4706-b947-a034fc4c4be3",85,1,223
"584cf144-936c-461a-93af-ed8d81e68ade",82,2,1
"5a06f5e3-a7a8-4a78-a07f-d3fe54cf6200",87,1,131
"ecf7c165-959e-4251-8cd9-b4aff6ff1a68",80,2,80
"e25f8ec4-572d-4c59-912f-d1747dc802c9",87,1,241
"d39d0531-1fe7-44ee-a1c5-c9b62df6c269",92,1,186
"941ec5c5-44b3-410f-b1c2-adf0f3ce72ab",86,1,99
"c964783a-8028-4de0-b624-f1952f5c84de",80,1,15
"70d238cd-deed-40f5-9004-247c3ef671a4",90,1,23
"a93648d2-5ad1-4261-915a-90d04e3303cb",90,1,128
"6248179f-2aa4-4ba3-9d30-e56e51121271",92,2,176
"a4074e26-d7c7-4118-b895-e50f7e070ce3",95,2,63
"c5a9b055-6c24-46e1-bb8c-b6202aa53292",87,2,6
"0b903c0e-b7d4-44a0-9733-e71145651224",84,2,12
"54f31a7a-44d4-4c76-922c-960672e2a78f",81,1,18
"653c3738-3f90-4aff-b647-5bf9b0bf2753",84,4,5
"83d92b9d-93c9-4942-8c66-ceba67901780",90,1,291
"08ea722b-d923-4287-86c9-575fd1cc4d9b",85,2,9
"a638f7cd-5aca-42d2-8dc9-a6e6b2eb266d",96,1,0
"d7765f3e-4d3d-4233-8d1d-20b4bbf0f302",87,1,6
"62b328e1-452f-42e2-9b49-0e2d046b9812",87,2,110
"7bc7293a-d30b-4e9f-b684-abee12775d5c",79,1,441
"670b6eb5-13bb-418c-86dc-f641a3ee413f",88,1,1267
"5e209401-54b1-4eaa-9548-6326ee38782e",85,3,181
"9d7bd6a2-e383-4aa0-ba7a-e5966bda9d2b",83,3,219
"21bfceac-a4ea-49cb-8380-2b7e8fa80129",90,1,40
"1d1311be-e598-4ac4-b171-370bc9c832a3",83,3,52
"e9cb8c31-c228-4f85-af8d-1b109875f44a",89,2,111
"81561243-9dd2-4d5e-a844-1550322246b0",86,3,54
"3d278db5-49f5-445b-a247-0d4ba089a7e9",91,3,62
"a3b11101-1b7b-4128-8f93-44a2ba0886cb",90,3,10
"96b950da-8912-4d6e-81f4-7bd6d2565f4f",84,1,288
"3c2ceff1-ac41-4cdd-9292-f621a570bc3c",88,1,28
"2b3cb27e-faff-4206-8534-48ce30f2e2d2",82,4,18
"dbc5d332-15f6-45de-bc61-b0d2a95345d7",80,4,410
"139908da-3e20-4bfb-967e-250acdaea8bd",81,2,198
"b843e622-a1e7-40ac-af76-b7912785e8ab",84,2,0
"6b86fca5-38bb-41ce-b98c-32b28afd808e",89,2,24
"df3205c9-434b-461b-9b49-545aadf6ebbb",86,1,0
"fbcaf218-478e-4420-a68e-41b1b5f5d968",86,4,0
"e2a61ec8-b1b6-486c-b75b-f381f62d94eb",92,2,24
"9a7ba3a3-94a9-41b1-9c16-4c4bc82c784b",92,2,24
"1d5d7fa6-b2a4-46db-8a7b-1e4999987c42",80,1,2114
"ecdd8f94-28f7-4855-944e-69852d37f1d5",83,1,549
"92fae95e-6841-4127-8acd-9f2c06eb163a",81,2,16
"d6589721-d793-4ea4-95f8-765571f76d8b",85,2,0
"2dbdb718-7092-490d-8d70-38e0c84a6a73",80,2,0
"476fe875-2478-40a7-a290-16e83dd46d97",86,2,16
"c3407bf8-826d-4bb2-bf75-98518fab28b5",79,4,16
"43b6aca2-9161-47df-ac77-fd920fa71e0c",86,2,120
"41c5a57c-5fc1-496a-8fbc-067b8cbe3464",88,4,115
"af02259f-aaec-4b34-907d-53e31e531411",83,4,14
"c615a94e-97b0-435e-8cee-891663f7ce1f",83,1,178
"bd4b76d7-b43e-418f-80bf-8d3ff200f262",85,4,0
"b2cca59d-8746-4bdf-83aa-4a4ea6d5e353",92,2,12
"3b591a15-edbc-4131-9aa0-5b6cf0e4110e",87,2,100
"edfeab15-a1a0-404c-b22e-954c3c000551",87,4,12
"73343a59-a87e-4de8-8247-12fb48524bc7",92,2,198
"ce0983e5-8b02-41dd-ab16-90622e35433b",83,9,9
"857ae46e-15c3-4048-a490-784d8ba2c66f",93,1,2
"18737eb8-e609-4494-9df6-1f5f7ffea9d1",82,5,0
"906c66ed-808d-47e2-9990-8fa0f7ae15df",85,5,0
"25df8804-355b-4763-bd26-9ba29601574b",85,5,5
"8e99ee4a-d8ad-4f2a-83e0-5b9f373cf601",83,5,38
"266bb30e-b59e-474f-822b-6d2ebd31d018",82,5,0
"f9240360-3f3d-4935-8f42-6e91cb3201be",82,1,871
"5074243a-a638-492f-a34b-7935fad69f67",85,1,401
"77886544-57b8-4b05-8c6f-05d83bc11b21",85,5,14
"20ba3abf-0f8c-4458-810c-b9acc3adb537",79,2,0
"33cbcae6-02ff-4a82-a276-197bb4b85102",84,5,0
"3efa9851-583e-4c4d-b046-6cf94866037d",87,5,11
"4e6fc3b6-c3e5-43d1-acca-2cafffc3bb7f",81,1,228
"dc118b58-7c88-440e-8b55-112d0e6ccd14",94,3,0
"0e68ebd8-13ae-4eb0-bc5f-76ac2cdc5d7c",80,4,524
"4c90f316-ed25-46cb-b859-c5811f021683",90,6,13
"8db24efc-1571-4919-8728-e0f7d2433674",81,6,4
"ee49b3b4-d68a-4d93-95af-58ab94646d5c",83,5,34
"5c868be1-f12a-4250-922e-94706efe9589",87,6,45
"5047c599-81d3-4540-aa92-9b9bfe49a44d",90,3,1
"1cb8c422-3a52-4927-bc95-6dae95ee7a32",83,6,4
"e7e14b98-f0df-4ba5-a225-84ed55dc2e5e",86,4,294
"4bb9d5f8-23aa-4462-8c3a-afb563b775fa",84,6,12
"800e624d-ca7c-4505-93e0-56b73802b4a5",86,3,297
"be56e076-13bb-4a6d-9246-00a9abfe5c72",84,7,8
"9cf7e1e1-9c2d-4c6c-a0ba-35d378108ed8",79,7,18
"ac52fed5-8fca-454d-8367-de99faeb3a2c",87,4,103
"04253e0c-fc51-45c2-8937-ba1dd81cbc6d",83,2,56
"99af1055-1ed2-4ed1-b46a-30a2093b24be",85,8,0
"4e2c8568-8a2b-4cb4-833e-cb09bc6ea9c5",79,7,185
"1ffc96d7-1551-4c02-8195-63192590a2e8",85,8,0
"d87b1aff-ab09-4911-a265-1fc5b8151644",79,4,25
"ebaf078b-ae79-4ace-a212-74098135b8a6",93,8,15
"c0a9c261-7710-4a54-a83e-c3a5fe24ecb6",91,3,27
"84dff7ea-ecbf-4d01-b9f3-d6b8e5af32af",88,1,310
"bf7fb56a-291a-436d-ac0b-fa8f2bd3a23d",92,1,198
"83beece1-ef05-4576-b463-a877e8c7907f",83,2,99
"6c963305-c469-4427-bae0-4c460c82be11",81,11,13
"e6256214-8ba2-44c6-b97a-c25d94ff0ec2",88,2,227
"39712976-35e9-40a4-9b02-0cd2fa5ba551",91,3,9
"881a8200-82a8-4568-a318-5e70386bacd2",93,5,28
"58f863f2-333b-4ba1-ae05-26864f9bf76e",87,8,0
"94a03df1-3638-49b9-b3b6-d11cea0bb734",87,9,0
"eb0e9bc0-6be2-41ec-98fb-99f14fbcbc18",88,9,5
"e5c789b6-eaba-4534-b93f-f50663b43649",80,9,15
"836a3348-1814-435a-b225-2b6205e58362",86,9,10
"ff73a832-9129-4873-8a3e-a43357980110",96,1,1171
"362e7f2d-0a21-4f18-8b78-63fe90efbe94",80,5,0
"a3a7bb35-f3eb-4bda-b745-466f6cb976c9",81,9,11
"fd441695-a7c1-4171-9c4b-f6bdceb9eccc",79,9,15
"23aac1d4-3821-45e7-bbdf-9f23dcc5d66b",79,10,0
"307e6443-42eb-4830-8cad-b0a7ebe955a5",81,10,0
"c0fdce96-dc47-41b2-9363-e66bd6a11594",82,10,0
"5d0b23c5-3b3f-4948-b05f-747afd09cb2b",79,10,10
"48118e1c-722b-4f02-a2fc-098889ad4114",87,10,11
"3bd8dfba-7e10-4dc2-9c8a-8d994d74e3ef",92,10,11
"ccc9f580-7b50-421c-b400-71975731c89e",90,10,10
"fc9cb6be-1f2d-4c19-b5b8-5e37f2e30e7c",83,10,7
"9847eace-5a23-4c31-b2f2-452c5861663f",90,9,2
"afd42cab-7baa-46ec-a1ea-f25103618be2",91,9,2
"3e59f1e4-3bce-488c-a572-bb879f0b656d",86,11,2
"b7ec525c-1807-48f3-b9d0-b13ea61819a0",80,1,400
"ebf49f96-04c4-4d69-b0f0-a40ad83dd647",81,2,362
"f33db364-b042-460f-b38f-876e78a7d550",91,9,36
"8124796a-3c41-40d3-a3e0-da0cd197a744",83,5,37
"c14926f4-e8f7-4367-b03e-c0a622178e40",80,10,0
"374db3fd-00e3-47a9-835c-7a7da9670480",86,8,13
"8cbe7b9c-3d8a-4c42-89b7-3a466520f269",81,6,196
"0252af64-cc8a-4119-8ac0-e82637d5d696",86,12,10
"7cd75438-6876-42c2-9340-f48d533a5ade",80,2,219
"5c9c2b99-7403-4fb6-b7f6-accd9ade8155",80,5,0
"cad2cacf-3059-4edc-936c-4753ffcb6513",83,5,0
"ba50a6fc-d6be-47f0-8f1d-997040173fe9",81,10,0
"d49cfe96-19db-435b-a35b-9b090a92a00a",79,10,0
"c3403401-5de1-4772-89ed-edec2a60fea7",79,10,20
"f0ad860c-0bfe-4652-8274-5e977540e4f3",94,5,20
"0c47356f-e730-4058-b319-9b563b84d6a9",95,5,20
"947d56db-8048-4aab-bbac-43c36b7b5ae0",86,4,0
"1040299a-cd84-429b-a3a1-807f8e993587",88,4,0
"9e698449-7f88-428c-8ee6-a26b6df5a71b",91,12,3
"ed2c214f-da25-4e62-b423-ee9db3d74f5b",94,12,11
"d993a21a-4c9c-4e53-83f7-0200bfb33d35",88,7,343
"6118c586-b745-4d2b-b67d-18006cdf9050",83,2,56
"c35ef1ee-7a4e-4d8c-b90d-bdc49502ac98",96,6,89
"351d4bd7-c8b0-4b00-848e-67e706fe46e0",80,4,1482
"e814581c-efff-4055-b0ff-399cf87e478e",84,14,3
"0d357138-fb0d-4c6a-b7c7-2c4c0b999b78",96,3,0
"59a7b16f-52d8-431b-8251-8607c4cf09ce",92,12,0
"524773de-215a-4899-85cb-690361d26b7e",86,11,5
"a2620713-02cf-4d64-9dcf-b5c16eb1daee",92,3,36
"58d2cf8e-b746-4de6-9a1f-5d96ff1e22ed",81,6,0
"08bbb5e6-b993-41f9-b8aa-ccdd12db27de",90,6,21
"308f97d6-f2ac-4f8a-b035-bc722775e978",85,7,34
"3113e707-912d-4dea-bd1c-a09f1edc8f24",87,14,14
"47fd74fe-b573-4c8b-bd2d-34dd6ad35ff3",86,4,87
"c5d3e2b8-a484-43ba-9c04-7623d97f9d96",83,13,126
"6ed3f0ed-2800-449d-a03d-5c687ee062a8",85,15,15
"15015497-0bf8-4693-a5bb-d607c9f3fcae",87,5,1
"9ae59398-a47b-4c27-b9e5-7e3458206819",87,15,502
"bc34e794-75cb-4948-81c1-4b86dc9474eb",81,14,100
"4b7b5db2-9add-4364-96ff-3afbfcd7088a",82,15,4
"ad0e7233-c73a-4fa1-a9a5-ca79e0832182",92,8,6
"a1924c37-36e5-4360-8abc-76b73bb1e57f",85,1,60
"4ba199c7-c1b3-4648-aaf5-d95b774ca487",82,6,294
"973abb05-6cde-4afa-a063-3ce9e85d1b4e",86,1,1495
"907585e2-23c0-40c3-90e2-b4d528e1d3f0",87,15,8
"0e1c0d97-6954-457c-a8d3-5eb7a70f9b1a",83,8,0
"e1be1413-2229-40fe-9ad7-3364cef05c3a",82,8,13
"6fd211bb-296d-48f3-bf33-d0a5ecb2559f",95,16,0
"9fddfce9-83c4-4986-8369-7e9b6778a06b",80,17,14
"34961449-2508-4a9e-a109-fc8e52b932ce",91,17,11
"c3cb5710-cef4-4b31-9371-c8bcdb8acdc8",90,7,22
"94e8e99a-c7fe-4190-a02d-7f60ee75961e",80,3,991
"a543e623-c30b-441f-b605-4b2e37f1d3b1",84,6,155
"7b0cd1c0-b759-4c32-a346-5884645bbafa",88,8,20
"2ed4dcbb-ea82-4571-be93-93d896153045",86,17,7
"04a61673-2ad4-4037-920e-f23a1b5132bd",87,17,18
"5d4f7d8f-4d25-4286-93ab-a921b3d8388e",79,6,82
"a33cae40-4a49-498c-abea-0170dc266a32",93,18,14
"edbccc74-bc98-4f09-b1e6-18487a73ae7e",80,5,131
"e1e5a241-dc86-4a8c-b5bf-3edbe7f4bcc6",86,15,0
"40fde4d4-a3ac-48e4-bce7-a329254b84ac",87,15,6
"289f9f3e-451b-4555-a3a0-a14a4d0129d9",88,15,0
"98da4b35-fe87-4ae0-8c48-0b4f305e231c",80,10,1958
"abf62194-17b8-48cc-9b3e-b4db65b00094",83,9,28
"7ddd65ad-70d6-46a8-b265-c41b0b219e39",86,19,1
"f4ad37d8-24c3-428f-8afa-184cad5fd153",90,19,10
"490db19a-9743-4c4b-8f99-57ac577f012b",96,18,18
"be318176-4355-422b-a01b-79382c812366",92,19,13
"9b9b7269-b69a-4abf-86ad-7b9aeaf2c611",81,8,31
"4db9d8f4-2b2b-4464-a5e6-cec54b571b70",93,1,0
"21a7f791-58c0-41d5-827b-dd7899d1ed9d",86,8,24
"9d7de56b-89cd-4f3a-ac57-390aa5275448",91,8,4
"eff22a91-a0e6-4b98-8116-fdce72836ef4",94,16,0
"2ca87437-5764-48b2-a3a4-ba9878f185c2",94,18,18
"33376777-0fa8-4712-bb45-b6925ccd64b9",80,19,0
"b43ceb1a-9e71-4e3a-ad6b-608f85ab5b88",79,18,0
"8cb3d809-1791-42bf-9c82-47c642950b78",94,16,16
"5253d9a9-c2b2-4d3c-a233-b113aabf701a",83,17,0
"db084cdc-6ba2-4287-8117-3f1574119166",90,18,0
"7a7f704c-973b-4271-9181-bd4674d6df2b",84,21,4
"c63850aa-1458-454f-9b66-5b1bd69c972f",81,10,0
"5611c2f1-4a9c-41d1-9099-870ad4890d00",80,10,20
"92ed92ef-cec3-4cfd-b426-94c4c006843b",87,10,30
"391c46e6-39ba-4d29-af92-21f51e775eba",85,19,0
"63768631-4803-4482-8a91-5ec39e80d378",86,20,0
"d3487b72-9370-41c0-b490-e0daa2d45033",95,20,12
"e15d955e-628e-4fd5-bd5a-7bf4ada997bf",86,21,1
"9752362d-b60e-459c-a4b4-622604c2fb48",86,11,10
"f7852959-7c2b-4d22-861c-3dd50ab1e33a",81,3,20
"43e51206-2322-42da-b525-c92d101750d2",81,18,0
"06429f71-25ba-488c-9955-63fdf6336693",81,9,24
"4c7bf528-0ecf-436a-8588-8efb0ff93d48",85,18,14
"68c39f01-540f-4701-a738-c026867500d7",94,18,15
"f720f0b5-e74b-421d-93e6-c8be12068aa2",82,18,11
"c4cde662-e126-4dd4-ae0b-5da47be940a8",88,18,9
"e21eca2c-68c6-4d2b-87fe-854793dd9d21",84,22,7
"0714f68f-fd8e-4c3d-8aac-0aa65ccb9ec0",93,7,51
"e99acad8-d66e-4f93-a806-1b285b423a1d",81,21,1
"69232a2b-7ab1-4a0b-929f-a230c91b0a89",94,21,0
"e13e9826-ea3c-4c4a-a975-475f677a2558",85,19,5
"6541c3a7-2be3-43f3-8833-59919333ce9a",81,18,87
"b762bc8f-2a0e-4d84-b0e9-f3f6d921015d",82,7,114
"51Hfs15YAm",94,9,2
"593d8fb3-fdd1-482f-a59b-b21d1d2bdc1a",87,22,0
"59a0a823-d792-4af6-8ee6-cf3e53d57d2c",81,22,143
"911600de-54c8-4d75-88ab-38ea16443cd5",95,10,0
"b4fe8e26-35b5-44d9-b9fd-b1dc8ed22cc5",91,20,0
"9b9e1b2b-f06c-450b-b79f-2792dee5806e",87,2,250
"18329c77-00aa-412a-b5d8-345d13569071",91,24,2
"cf574dbb-9829-4781-b485-54b0cc2b037c",85,12,0
"bb712363-794c-4287-8594-4152cb39df83",94,23,12
"4467eaf2-875c-48ce-a94d-07bc2ddd2332",94,10,0
"152c1583-bf3f-4228-be58-de24a96f9d14",80,20,5
"2cf4fd67-8f9a-479f-8275-7816e4a0665f",86,18,2
"7ffe2679-8efb-41a8-a501-fd92480dc93a",82,20,13
"2a184649-2bdb-46f6-b5d1-e5e1554862e4",86,20,15
"01b40511-b9c2-4ed4-a907-9662961e5921",81,6,120
"fb5d8117-9ba5-41d8-a034-0c5debbdfe7f",82,13,40
"e0ed4cae-dc5d-498c-a04d-e5111f53675f",95,13,30
"f55cead6-b587-423e-b196-636c00611949",96,12,37
"a9caffed-f723-43d2-a294-12c24c0f918c",88,7,38
"0b6c5636-28ab-4c39-86dc-bb50d0caf4c8",86,21,0
"3962262a-af7d-48e3-b484-6841ae2ec427",84,15,2
"c3e49349-4591-4c00-a4f8-88c725b1d4b2",97,11,12
"09c6c9f7-dbdd-43f5-9252-1a77271dcfeb",90,25,6
"4f7d8782-4624-4302-85a7-31c9aa259c86",84,25,4
"12d3e0f4-93d7-43a7-b646-d588d45913b7",92,25,0
"53c1a082-851a-4643-888a-3b60c6e45752",93,13,22
"ddc29090-ec08-4836-868e-e6996140fa8a",80,10,1
"7bfb8f3a-2786-497e-8a96-90f1632a498d",85,21,2
"64295b95-4dd0-481a-a1c5-8a87de7b6f73",84,23,0
"21e5dc8d-c3c1-4252-8868-8c6ac970f5b9",87,11,4
"d6da1d42-8b53-48ea-b356-aedddab31a2f",91,22,16
"e34ddd39-2213-4715-a69f-373cc49450a5",96,22,12
"9ba1a6cb-7c3c-4e4c-b2bc-e225a85709b5",82,5,347
"f53ade54-28c3-4c3b-9925-2e86ae2075e9",85,2,135
"f2ed6aa1-935b-4733-8713-ace2954540f9",85,13,10
"69ecfd4e-258f-4426-81a1-83a56a75a00e",95,10,10
"6fe6af98-655d-4747-9680-87919ddad5c8",88,24,8
"ae8044f2-a5ac-4f2f-99b1-3bcd1ca5a0f0",82,13,6
"9c9f9206-6156-4fad-84a8-fba8223bcb4a",85,13,994
"9883acde-b08f-4ef8-9c66-041fb5e2133a",95,13,6
"0a0f9fe9-bdac-4828-a8eb-ff6390e7238c",80,26,0
"5d42b41b-a3aa-4989-b014-fcd695a74af2",81,26,8
"f5bade97-8df0-4fab-bc30-ee97e08c67d1",83,13,8
"306e0d3e-313b-4691-bda7-ae29a45312b9",92,5,3
"48f222c9-a396-4bf8-9e1b-b25024efb110",91,8,0
"886c47b4-e262-4707-9267-45d440ec8e1f",79,5,115
"4bf2249e-08ca-48b4-b89f-dd76ec07d4ae",86,14,16
"615f9890-73f0-4620-b49b-cc272f7dcb5b",87,24,9
"7e486df6-a6f9-4f0e-85fe-c34befa9958f",81,23,44
"05995f04-60de-4c2a-b9ca-a2e83b41f2ab",90,26,11
"69e16faa-2c1a-4982-8db1-3da49949978c",79,25,0
"a3c3c2ee-5d23-4050-9570-5d1c0ca7c34c",83,20,45
"42cc7039-b7ff-4628-a357-259febf0558b",79,12,28
"c6f39ab4-a546-4347-981b-cf015e48fc02",92,15,0
"c08bafda-0f48-44c7-b9fb-3e0836778eb5",83,14,27
"ba1e42bc-ce97-4d0b-8a4a-31cce1d513ba",93,10,172
"4113611d-c2d3-427a-aade-35bb184acce2",84,13,29
"5f3ff37b-f724-4020-86ad-dccde0379164",91,19,9
"f2f72c3f-d48d-4b09-86a5-a71f2adc2c10",85,6,80
"1d028dc6-77a6-4963-91c3-474d3fb2d332",94,8,0
"5f0756a6-d04b-48a2-bd2f-478ba5317fc0",92,15,30
"e2017fb2-f216-4b3c-95b0-574e2644d266",96,15,9
"e8bfc78c-0ebc-414a-adf8-bdd9b7d36f54",90,12,0
"4f4df610-dce0-4911-ab5c-7f0d0e9bfa48",88,26,5
"836c2d2c-9cbc-4963-b51e-69803de5e9fd",79,26,2
"abafdd43-c051-48d6-90c5-ee062829e837",95,13,4
"e8d2a577-cbee-49bf-b029-f71e556d566f",87,23,14
"8697ce0e-9c0e-4c2d-a496-14cf1350e965",84,16,14
"90c9a164-9087-4b50-b189-bc7408aed50a",91,15,19
"a121ce3b-924d-4573-a98f-9292e53b2a32",91,12,2
"72318a16-ab59-45da-a444-c7826ba4af44",94,5,10
"fffa4c04-6fe8-4da8-8b7d-0444309c660f",82,21,9
"1da5f716-9c13-40c4-8b4e-2fc743a14c93",89,9,36
"6d84cc42-b21b-4988-afcf-3a19521f1f2b",81,23,2
"7c74616f-2ba9-4f72-a0b5-4034bc74df8a",92,15,0
"ecb4fc4f-4d92-460c-b629-066428b38853",93,15,0
"93742906-3c78-4337-8038-6c8c62beb393",85,15,0
"4827789e-63b7-46b1-91e1-af0df534178f",83,7,736
"ae16792e-d5ec-429a-83ce-bae52764e004",88,8,0
"6b7d4b24-0c29-4ff2-bc2e-acc9c0339a73",80,17,2
"2756e401-c8a0-46be-8c15-10926a322b15",89,17,20
"6WCYlBmlDt",87,15,0
"7b06c705-cbe6-4233-992a-29e4d6cdd3d3",89,14,44
"4f5a6f47-0cce-4edf-bdd7-63c0d6c8a412",80,28,12
"afead54b-a733-4ac2-9a28-fbe9ee2cfa0c",92,11,0
"e1a2d68a-bba8-44cc-a9b6-c7e9906eb3a8",94,15,40
"f5ec4c05-1e44-41fc-a645-2b3e6088a056",83,19,265
"537bd8ff-feaf-4f14-8508-43b7284331b5",92,16,10
"2b0c7267-8b60-43fd-98cb-030d80d4f43b",93,16,10
"230486e9-c8ef-4e91-8a80-b8e44a849b47",90,17,16
"103d9a5c-b58c-4929-b04a-8dddf5d315a9",86,17,34
"45707dab-e2bd-4d89-8c51-7f4e77d9340d",79,13,2
"926eaf67-9d9e-4a22-99e2-d2824d0df8e7",87,25,0
"1898261f-8344-440f-81b9-ecede0d035f8",84,12,11
"016ffb94-d2d1-4e91-84cf-ebe608719baf",90,17,0
"da40658f-cf86-4160-85ca-1beeaa18330f",87,17,20
"f18dc030-8ae2-485f-9571-800046c82c69",86,17,20
"efe47cfc-4e73-4480-a3a4-9caa78f93a17",89,17,20
"4cab460b-6c25-44e2-8712-58633aca920c",93,17,20
"86f7c806-e7b7-4292-91c0-ed9f06893a41",87,12,47
"8a16de91-7ebb-4199-afdb-c6632e25d81a",87,16,16
"cfc74820-ca16-4321-8f17-7912c703d645",96,12,16
"b2f90d7b-a88d-45ef-aa23-4f5c14649b84",79,18,0
"3d23284e-35b3-4f59-8bb2-8905c2de71fb",85,16,10
"92a17248-0b9c-4359-8840-2eb68eb1f42e",79,16,41
"c53e3892-85eb-4e93-bf84-c843280011c7",94,10,139
"64833541-dd75-4e66-b5c2-cb61250b4895",86,20,15
"8f126514-3866-4fd8-bc1f-516041d5a488",94,13,38
"f2edbdfb-900d-45c4-bdb9-e4b19e5e6bce",91,19,0
"4cfad853-ec8d-43fa-96d1-77d74a6bc552",79,25,0
"8de7d9c0-63be-4075-a145-4caa9843959e",94,14,31
"5cffd9ff-528e-472f-9f40-acef1a7cd50f",95,18,20
"e2b59184-d3da-487b-bf86-20766aab2bd6",95,20,32
"6c1882e7-6957-4b69-9e43-8e7a0ba510f0",92,21,20
"faa02670-f553-453f-9e05-82cd050536c7",89,20,0
"a345cf17-f90c-40ac-b818-5062ae7edd19",93,19,0
"bfdad4ea-9120-430b-bdf8-f3b79f33df94",95,19,19
"2d77338e-767c-4cf0-80ff-b3ff0b1610b6",83,17,0
"1879c034-1095-451d-8909-a357532510d2",92,21,30
"d89cc39f-8eda-430c-a028-4798576f96ad",97,18,1277
"e2686b73-c87f-444a-af43-72e23c46169d",84,18,11
"QmiTC8I7pR",90,19,4
"e7ccf09b-4abb-4d1d-87a1-6f9110e882d9",94,17,4
"f6d5c0e5-04d1-437a-985b-ea7935e18b33",91,13,9
"6ff1749e-c52c-48f3-ad6d-1bd39b621d52",89,18,25
"21139b26-9ceb-4b3b-85f9-373bc35c0e7e",88,19,0
"76934d28-d662-450b-b35d-807765cf0128",89,20,18
"d4698013-9340-489c-a8fa-87a9b396a8e3",89,16,2
"93844893-e7e3-43da-b82b-76085c521e7c",94,21,6
"14815042-e469-451b-9b7a-40ee72bf6fb4",89,19,14
"f9cda8db-76ac-4d15-9f37-baf11c8d2fd8",86,15,20
"e0976339-1f66-4146-bf75-80e9d4b131f6",84,20,34
"6069ca2b-6985-4ec3-bc91-2fd6f4e3e176",89,9,50
"c4a7d764-9666-4f6c-8e14-234f927f9d03",93,7,8
"77af333d-dab6-44da-90d1-5f962df83e89",79,21,2
"e9561ef4-91cc-45f4-a3a6-f578eddd3b81",96,15,19
"6326363f-0918-4864-b7b2-c95714bc27b5",85,21,2
"516ace03-c365-4ca8-b937-e30867b15004",79,18,0
"2edfd34c-0b22-4893-ba57-d663403ab71f",91,17,0
"9811c3c0-47d7-4b48-befa-ee7dacebf327",86,13,132
"d12G7tmY5X",90,17,31
"948d2e22-d140-47d2-9850-a0d999046a34",92,18,6
"79090ec8-a5d5-4a34-844e-55e545ccd102",97,16,36
"4685c717-d7ac-4d54-861b-f38432e2afd0",94,22,16
"36b6e5ae-559a-4904-b46b-0aaac2e0a412",86,14,41
"f6b3319a-6d18-4504-91b6-cb95813abf29",90,23,20
"0f0dbc7a-27e1-4a31-a441-8c412103cd82",89,23,6
"0aa0bcf0-ee75-452c-a60c-6353930f5723",83,11,14
"92119c38-3619-4ad1-b35b-d6b3dd162d75",86,22,0
"d64d040e-95d9-4a2f-84ed-99ad085808cb",87,22,2
"849b09ac-381c-4a23-afdf-f6672352b9b0",81,22,33
"03133866-3964-454d-8e8d-8e2195746367",92,20,0
"ed2fe067-0be2-4099-8310-28e124f1f3a0",79,19,0
"4e3105cc-6959-4614-8531-01d4ec5a9acb",94,21,4
"db4cdc69-2e70-4c34-847d-168c0540e50f",89,20,37
"07f105a9-5278-4585-96ec-d3b632b605cd",91,21,11
"a59f8842-f7cb-4b65-8f56-f40785065440",95,20,14
"82f77252-7535-49a4-92a1-726f160c2887",81,23,29
"8578ddc4-7a2d-42c0-b45a-68800fb5a0de",90,18,2
"3e2db989-14e8-4e33-9f21-299d8848f826",91,15,16
"52021ed5-1721-4148-a242-d649a685e595",81,24,0
"bf2344a0-f440-490e-8c20-7316994ff34d",90,20,11
"e9f78930-08a3-467f-929b-9bf48544969e",81,22,39
"3cab0d24-130d-4487-9696-aeeed3068bda",85,22,0
"3e84e6e0-973f-4642-8265-330de3dae33a",82,23,27
"6918afb4-b310-46c5-96c4-2843e6d737aa",82,26,26
"3b864a36-dcb9-42b9-9b92-17cb1ba2c5b0",79,25,0
"7c50b635-1a22-4249-beea-e123b88df53f",82,27,2
"9de16547-36d9-4965-bc2a-82761b99eca5",81,23,22
"1716af74-9cbe-418d-beaa-f158c5c86d12",80,23,723
"8c4ecb18-d14a-4d42-83da-951ada5001f5",88,23,12
"67944bdc-731e-47aa-8155-91b0de84ec3d",93,13,12
"d7c9deda-f8e0-4157-85da-73e3996c350a",89,26,2
"f27d5201-372a-4851-a716-94d4a98f9fd5",82,26,12
"ca33aced-bdfc-430b-b13f-5ff300dee0e2",86,15,0
"12c2b6a6-6421-4703-84d4-ed24a9c4b17d",81,22,10
"fba0072a-982e-4a69-b872-25bf5e5f63d5",81,24,24
"55d7f02f-3468-412a-b68d-822e69a6494c",94,23,0
"2f17acde-b7b3-4979-a331-8b0b31b66950",92,19,17
"a9a1203b-9eeb-41a1-ac35-c01658e0f6cb",80,26,32
"f939673e-bb10-4eee-b21a-5d43f7c02fbb",95,22,42
"6b9c3fcc-076e-4964-a7a2-a7d16496bb07",79,25,2
"53b22fdd-7d11-47a4-86ac-d5c9a1293ca1",83,24,960
"f564d294-4e45-4383-bde6-1aef7c306e28",84,25,22
"74e153b0-34c6-48ad-ba81-3e46cd850c10",90,25,23
"641c12e8-30ef-4260-933f-e2260cbf57ff",81,16,767
"850b36e2-fecb-4db1-a282-57c6ab7cf18a",94,16,62
"b472d552-6ad3-4cc0-8d3a-9c5c72912c11",95,16,1478
"4b6b00ac-7558-4b5c-bb7d-08b89dd3e79d",82,28,36
"4ac11ac2-25f3-4902-ae37-81c9a591a0ca",90,18,0
"eafbdd94-f8cc-4b43-bc7f-74e91b37b1c7",87,24,22
"12b1f84a-583c-443e-ab51-9771ca65f8ed",84,27,0
"a5e12b46-ffe9-4fbb-a45c-f9012eea1d98",92,22,0
"19e194e1-d8dd-4990-8cbc-ede1cad34721",82,25,0
"af693aac-e8d7-466e-be8c-b735a0be206c",81,25,0
"ed27aa85-cfb3-48b1-a721-7b19968048aa",89,25,2500
"e23250d0-7d5c-4a32-a31e-c60fd2802171",82,27,1973
"6914cad1-973f-4319-b551-8b71873de765",91,23,4
"61509da6-0989-47b9-b3d2-f0d892839c17",94,15,0
"801d9d55-1d28-40c8-bd58-19fb8c19c5aa",79,10,228
"a1fb8df1-4c43-4d7e-9e7a-2d364ee6fae0",95,21,10
"fcf0ebaf-a848-4aa4-9d41-4874eb3be3dd",85,27,7
"bd09fb02-0a9f-4a93-96a5-7cbdfef7690a",80,11,50
"a63cc98e-0f73-4aa8-a38f-76e6da697146",88,19,0
"36410945-d184-44c6-bdbc-278979e1e1fb",83,23,31
"4e7229e9-9c61-40a8-8ca8-49ff50cd5877",82,24,5
"670c5b73-a913-4273-92d4-87508ff7e43f",83,21,31
"8bdca5b1-d837-482f-8d76-9a965e241553",90,22,0
"70bd0ed7-a69d-4e96-a0a6-232f7da0a3a1",93,16,42
"66fc4449-ed74-4bd8-bbe8-514aab8cf13f",81,16,246
"0f1c5853-d1c7-4b30-87c6-10a54778ead1",92,11,22
"4d256ed0-56f5-4c66-8828-dd8dcae41bc2",84,18,36
"102a1403-8eda-40d7-b55b-5286d69af4d7",94,19,10
"02d2291f-e6d1-4964-b086-4b74d9bc9195",86,27,0
"ad0dc34b-675d-4849-bc4a-e4e76ed37729",85,23,65
"e01fb2dc-ea8a-4158-8100-51b649edeb14",95,13,86
"67d11888-3702-4bf9-af2b-5d48d2050f5d",99,21,0
"e46bcae3-a3f2-476a-bd27-226692f5ffe6",95,23,40
"ead9407c-ae60-4e7d-a7ea-e8676cc96515",89,23,25
"f790ea29-f599-4efc-9cf5-b890c5bf53ce",96,18,0
"5a9b605b-f224-47ba-8515-e5915d3767c2",85,25,58
"c1f4b20b-ea94-4ff4-80b3-58ecf76dd182",80,19,2438
"bce7ce09-687c-40c0-80ee-4aecab6d5ccb",80,25,1958
"09da0b53-3c2c-40b3-a2eb-043df6b7951a",93,19,2
"f9bc7c40-d23c-4af9-81cf-5bc5976a957a",86,19,75
"d3f5e4a6-2c8b-4e0b-af67-b1e1f9011dd0",86,27,47
"c7cd3d0f-0c31-4573-8fe2-a126e99368a1",86,24,52
"ae30afd6-b383-40c4-a052-7a309635a072",82,24,5
"ffa76749-119c-4aac-b286-82e336b89fa8",90,24,4
"4009ff76-a9af-4641-aaa7-542aaaa23277",79,25,2
"fa7f10e5-65e9-4618-a707-2cebb3657f65",80,27,46
"ff67e505-d2e2-42a4-a7e1-ec0b91f15eb6",88,24,40
"7146afc7-b4f2-48f5-b4b1-ca8145430866",95,22,58
"c7a19025-4e49-45f3-8cd9-9f3b76d7de15",96,17,36
"ded1f7cc-f244-40f0-85bc-3ec1b2ec8ecc",82,26,1976
"ca3423b2-e538-4be0-8fd0-531a64d72517",96,23,0
"27a7b88a-4421-4cf4-a090-b7bd7909cb47",87,25,15
"cc83bcda-30d9-4dee-aaf3-6551e9412b7c",82,26,10
"f4c5ba48-b46b-42a8-9865-ab6e3d23e7e0",84,29,2000
"37b40e52-2a2c-432e-9ffc-89023e17f8af",94,25,0
"7520cc21-ef61-4df2-8581-3db331029445",88,26,10
"aacf663f-a721-4484-a2cc-9e488c339b5b",82,10,835
"6ca1cd52-55f2-4f40-9e61-308490cfe6b0",81,18,0
"96dbacfb-f0bb-4481-b111-9c5f0e6c2755",82,26,66
"b68e8c0c-105c-4b09-94db-75d48af9c410",94,18,124
"ongDrr6dWn",80,1,2
"9dae0338-83e3-4028-bf65-108f59552012",80,1,223
"8c760a4e-1f04-4df7-8e5c-e0d89db63479",85,1,53
"7af662d3-0592-48f2-8dba-38fb952f7a9f",93,1,1
"2a179d94-5067-4892-8f0d-a25fb68b2873",84,1,0
"c39cbb5c-90c9-46f3-8378-75a288f9d2cf",89,1,338
"c64155f0-b118-47a8-99df-29712d36546e",90,1,45
"f4ba407d-b09c-4923-943a-3565a1a5494b",79,1,86
"95bd4f75-fc40-4117-a468-37e1fb18a6b8",89,1,14
"afbf69e3-88af-433f-af17-2d2923706e5d",95,1,134
"b060777e-fe51-4c60-ada0-796b0afd9c38",82,1,0
"a27926a0-bf07-403d-9546-0e89c7fa419c",83,1,242
"a2355f49-55bf-4a02-809a-7a5d0da534d1",89,3,154
"9dfec22c-97b3-408f-9c5f-94bef74e1a6e",83,1,198
"83f4bb86-4bcf-44cd-9b5a-f6797be95367",83,1,0
"6d8435d4-415d-4a89-a33c-f17e7ca3e4ed",95,1,257
"9333bff4-6581-47b0-bf6b-e01c21c264a7",81,1,6
"8962f66d-bcc9-4f78-9fc6-c889967d8bfd",83,1,5
"15d84132-9340-4160-9742-2efc7fa8dbfa",95,2,409
"808ead8f-7875-48f5-870a-47d4e2b8f4b6",81,2,231
"63a80882-42a1-4428-bb0c-22556fdd770a",82,1,0
"47df4b0c-92fe-492d-860b-2867b5c5ec5a",97,1,0
"a02d93a0-4227-428d-a5bf-4d820f997b6a",87,3,57
"30a49ff1-8c28-40ab-b039-dee75b1e9062",93,5,83
"1586b42a-8640-489a-a10f-2c1b3665ce8a",88,1,353
"cf69d4e5-3f84-4ade-9ddb-e3a10160e438",83,5,10
"30f68b6a-9c21-454a-af14-9101836969a4",86,3,2
"2aefb7f6-56b1-4b9c-8ce7-4ef03bfb34e2",82,3,38
"5ef9c5fc-ede7-4e3e-9585-4c3a2a4537a1",94,2,4
"3c8ced70-d90d-46c5-954e-90356ae4cdaa",86,2,130
"ef88f127-6fd0-4ec1-b998-0ffdfeefdd58",85,1,871
"dRdIrXOGlj",93,5,22
"1e204f3b-8921-432c-9c2c-12d1daa0482f",91,6,0
"208dec48-68e1-4ab5-b640-233dc4d1ea10",94,5,0
"cf9257f8-cc04-487f-bee8-b0a3517ff335",89,1,500
"1dcd0508-b6a0-4164-8ad7-210b480c01ba",81,5,1402
"6e3fdb8d-073f-4bfb-9b1d-c8701249ea99",91,7,2
"5b8c3ccb-fd37-4768-9be3-e1db273be7b1",85,8,15
"8abb4f5b-1643-4b4c-bc31-7d7f7f95b869",87,6,10
"b0735010-a16f-4402-b951-55df0d9c02ff",86,8,164
"db424500-ee9c-44a7-bd27-baff917c84b9",84,4,26
"849dcc29-adf3-4b28-a7f6-6b921d285bd7",84,2,325
"ed30cbb9-1de5-46a2-beae-ad5e52361bc6",80,7,303
"5d66a73a-2515-43e3-9c12-516854bdbbce",81,4,109
"effda36f-9433-4ae3-a341-4003d65d43e4",92,2,5
"16700ecd-80ef-48cd-aade-c8383ed8a332",85,5,1495
"84a67784-879a-4709-a752-34fb4e8a180d",79,1,40
"517908de-7bf0-47c6-b17a-db23317fb9ed",94,11,12
"e9013054-0c28-4cd0-b6d6-785d67413422",92,6,10
"16381d40-cd42-4a47-bd03-df7accf37a70",85,6,0
"de91fc7e-4722-4ce0-aa3e-85a92fe45cfb",82,5,0
"54727c71-6761-439c-8a2f-15782e458feb",90,5,0
"9d0e675d-16f7-4327-bf7d-d624c3f495f0",81,6,0
"ac81f531-dae3-4dbf-ada8-9c4077d3eede",88,3,20
"069af2fa-ebdb-42ee-bad2-4af80e141151",81,12,36
"db9afd8f-3ec7-489a-a6ac-2659613345f6",85,12,689
"b2a03c24-802c-4256-a3c4-48b2f3f10fce",89,14,16
"3a285dce-5d19-489a-9d45-b6acbbfa49e6",83,5,258
"2441b1e3-1905-4f6e-b710-ea2e1a140318",80,8,41
"ca6798b1-d7ac-4a49-b33e-993e89fcb9ed",83,12,11
"fa3136bf-4596-407f-bdbd-0b2a7d8cf972",90,15,9
"0933ccaf-ec5c-4113-a229-f14723679ffa",90,9,2
"5cba6112-5d45-4cf0-91bb-a304dc8f7a74",79,8,8
"47e5ffd1-6851-4bb8-9784-d800961383c2",92,15,0
"8db0f4c4-d071-4320-95a9-ff2528114266",80,2,336
"911f08cb-e0ca-41ac-bd05-230ef010975c",81,7,17
"c68e0803-a29b-4ea1-b976-a747aeb27b9d",93,11,10
"20b2e664-4cd8-4ba1-b047-f55d418c7f4b",94,16,18
"b5897567-3f59-4b65-a17e-4cdc8ca53c66",83,14,2
"4713fe1b-d749-437b-80f1-3552d7c2509a",85,15,132
"f27e3074-5b16-462e-a8a6-75368b0b67c5",83,16,81
"67785027-d0f9-4ed6-9a48-90ec59fd3ca5",89,10,16
"53e51459-795b-4da1-9b27-64d5f13193bb",87,19,988
"13e7c022-8f18-4b3d-b6a0-6a3455393409",94,15,6
"fa096ad7-1d07-4248-b1bf-dc64a15932c5",94,18,1
"61396688-75e3-44b3-8995-5e3aaf41dc2c",95,9,24
"f1b8c61a-2bda-4f2e-bfa0-c05c26c12413",90,10,1
"2c58dfcd-8ef1-4234-98fb-1ce4f0974957",83,4,280
"030847b8-cf2d-4279-819a-192b278790a2",85,19,100
"fa2562dd-7a3e-4c9b-8666-01b6f86cfe87",89,12,40
"52b1976a-8cf1-44aa-9934-678d84b33080",92,4,541
"77f0efed-fb05-41c4-b0ec-c5de36112735",89,23,16
"f3a0f435-7619-4ea0-af62-e830b334c392",79,14,907
"3cbeae9b-fdfe-4d74-b640-bf7470615aae",82,20,15
"95c0fc20-a3f7-4f1a-9ec5-4bcacac7fb5f",81,9,47
"fa8cd905-0b3d-40ac-9812-b343d19d5d97",91,16,19
"710b6092-af9e-40a8-a320-cbf1fee7f2cf",79,11,277
"6f9eda95-25d3-47b7-8af5-466925cacf2e",82,11,14
"523335aa-b326-45a7-9ba8-33e2ed619ceb",91,15,9
"38721bbc-7ae7-42bf-bac6-04e6ebe41462",94,9,40
"1fd7d736-0d8d-4305-a8e4-298fa3d96759",84,17,17
"8ce02315-d9d5-47b3-b642-68726625dd59",94,13,0
"cb17ecca-e54b-4aef-9590-dd4c01925d47",88,7,226
"f64799f3-2575-4e90-acac-665016ba7ef5",83,13,18
"b8df30f5-85ed-4596-b227-b6d3f64ec9de",79,15,36
"6f2eb931-25f0-4159-b53f-99f2678b20d5",96,8,21
"e35ed5f1-e235-46a3-9b0e-936038e6b3f1",89,19,15
"a8411f8d-aff2-4e6b-819f-7bb0668c4656",85,14,8
"957f4da7-7078-4632-861a-99fdd0291c19",89,20,4
"9f6442e8-fc3e-4831-a01a-0a8108bd6491",93,15,0
"18e7c5ce-14cb-4800-ae05-d3fb10b0cf03",92,25,4
"48f6c6ea-1405-4b73-9e05-cf6097f95c09",95,17,0
"c674446c-88b5-4ec0-bb40-7f47f7a53b61",79,26,2
"cf1273f8-b054-4f38-bfe0-fbf7a24fb9aa",92,17,47
"26b21a07-847a-4e58-8f38-d59c1e603b7a",79,15,340
"437bc0d2-e7c9-4abe-b784-46baa5fad2f1",90,16,0
"464b1fbe-7426-4d74-bed3-440599a56346",94,10,14
"34627788-b04c-4f06-b5df-42d4b60679df",89,23,0
"5ec03ad9-f916-4f0f-aaf7-83392163735e",87,18,22
"6afc626f-063d-4d8d-9011-49f4d7ef8f05",83,19,0
"51892d26-edac-4bc9-b111-5d992aab7c59",88,16,5
"ce0d8cf2-9d86-4f1f-a5e4-367f0a89904c",88,25,25
"b6657c10-6c10-42d1-b1ba-43850f636d14",93,16,18
"2a6835cf-c710-4527-be12-99bab66da184",95,22,42
"ec1957a1-f4c0-4199-99f0-f2ab158931c8",90,12,16
"74e0a5e7-288b-492e-b10e-860a5a0cc46a",82,15,30
"a52022b4-d39d-4798-bfe2-8b67b5216ca9",85,21,17
"04e44599-a816-41d4-9534-1c9ccd593adb",92,22,7
"de6145db-5e1e-45cf-9cfa-b594a1787727",84,1,1485
"cdd63575-6659-4a46-bd3d-befd46a7ce83",92,12,30
"5ab33ab3-fb4a-4691-98f5-a501cd465561",90,9,160
"19675513-a41d-434e-818f-aa9bcb71d243",83,20,1
"9192a033-3475-43d9-bed5-f1b967a8d0a4",80,22,20
"bb01a1f1-b27d-4baa-8ef9-94e8f8739019",90,18,0
"2d57cfa9-1f22-4376-b4e7-2007d2a99017",89,14,11
"8aa8aab5-4266-4c1b-81c9-0f7c7d9b7d32",95,6,35
"0baf6c6c-c2e1-4aca-b0f2-53c08b93d9e8",83,3,490
"e633f8c4-c7cf-434a-8637-71d689f7d94d",93,14,30
"f68ae306-fa44-4b14-a953-0bc996f68e44",87,14,20
"6fc8d0ca-fc49-42a3-a210-a615feea65cb",86,17,18
"2a17d410-699c-44a5-9d1d-0b4dfb3090b5",89,5,22
"f6af2e5a-c7a0-4e24-b058-8b77e229907a",82,17,53
"cb64ab26-ffaf-49f5-858e-ab9725c30539",87,18,14
"13c2855f-908e-4edd-8952-18ebe04a3621",83,14,2
"6d05a043-092a-4730-927a-253d648e9d94",89,14,74
"a54fe17c-9814-4ad8-ab96-d1e588b4d42f",85,20,120
"5fb6fbdc-93f4-44b2-9a6d-8104a2b774b8",80,25,0
"fafe3748-ff13-42df-a714-149c277c3d83",88,19,0
"4529dd49-1f43-4fa2-b15a-df5fc23da11b",94,23,7
"2921f7c7-d6f1-4580-943c-50aff5a190a0",80,21,19
"8fa7bc2b-c7d2-443b-a8ec-1c1708e63cd4",92,16,14
"26731c0d-0541-45af-bc62-2899d1600639",95,10,48
"4aa18f0a-6655-4fe5-ae32-840fd4dfb6bd",86,18,39
"8084604b-11b6-4ce3-bc09-36628d26cb3a",83,17,7
"fcbba9e2-0521-4731-aa94-888883a73e91",81,16,1859
"fb1e8e0f-1e9f-4c83-a2a0-dee0c4c824a2",94,13,28
"272371f7-0870-40ea-8127-0c2ee74208bc",87,16,0
"c3c0d168-b6ad-43bc-bf44-8fac2414d0cf",80,22,10
"e4bf7633-f522-44bc-a653-45159da70fa2",90,22,17
"9f5c79c5-2b9f-4544-9af5-e1430b87053a",86,21,0
"45319a81-dbc9-4eab-94b1-b0f0226d3e9e",92,17,20
"5f4e6c2e-2cc1-4299-92bd-bf39e533aa0e",81,11,65
"01a914e6-7b2f-466a-a234-ac2730443b93",89,26,15
"0c96c6b3-3564-40a4-b161-137af899059b",94,17,156
"fe5faa7f-cb79-4a6c-a775-2f1143c335b5",93,12,52
"e5078469-96c8-4565-b24a-e5926eb2926e",95,25,12
"93046df4-2298-4bd6-953f-3755bed294eb",89,15,40
"0bf8a8b1-da44-4402-b4a2-c50a891ffed8",91,21,5
"1270a40f-72bc-4466-a0ae-3615a135ff9b",93,16,2
"10fc55f5-44f9-4004-998a-8b67213ea751",84,23,9
"b3aca699-bad0-46cc-90aa-5d058cf7bac8",79,12,19
"0ceb2849-464a-4683-84db-3541178b9daf",90,16,16
"cf335b76-e1f7-4241-b628-25ed97a0077b",89,16,0
"68490842-ef36-4476-8768-00a89722cb4d",90,9,0
"5dbff37b-233f-4fcf-8286-ef97c69a17d2",93,24,0
"09ce428d-70b5-4c99-9833-2d7cd4af1be1",79,21,22
"25439288-393e-4d1c-bbdc-b28072c87983",87,17,56
"eb05ddc5-7899-4c71-b278-86131a1b66e4",89,20,0
"fb143a8e-bf0b-448e-9463-f198f7b991ce",93,19,6
"a1d408cc-242b-4f65-a90d-03c120937821",93,16,11
"bb9000fa-7d9a-421f-9f09-7c159ce47165",91,16,26
"df5632e2-aa54-44f3-be38-899a49162d4f",90,25,10
"891c4729-d79c-41f6-81e4-e501a9291859",91,23,0
"529339cc-b9d4-4a14-9f12-934ed372aa31",89,20,1
"321f8939-c5a9-4241-8e81-96fdd8f56508",88,17,0
"94aeba13-4601-4484-b6ae-c0a8cd7a8162",83,21,22
"3888499c-3b02-431b-8c89-cd00ebeea466",91,17,18
"b7c8ee2a-605c-419f-b7e5-8eb36d87f0de",86,21,45
"736987c1-7457-4fbc-97fa-79fa846ce44e",81,25,16
"9dccf2aa-38e5-405a-a503-35ddaaf031a1",90,17,488
"aad0515d-989f-4c1a-b5ed-16eee0c93455",94,11,78
"26271746-81cd-4e42-a9ca-e6c01df09955",86,16,69
"df96ce9c-2f59-4ab0-8fda-c17ea6088276",81,20,484
"97a1a1b0-e46f-4b70-8921-3ccb7f390b26",88,9,160
"3b2b2104-f83b-4f3f-a90d-fd597decda6f",89,20,6
"e3e2671a-c93c-4ff1-8ee7-27e9920c9844",79,24,2
"ac424604-10a9-417c-9e15-98628beef680",91,23,1497
"0a197b25-dad0-4272-972d-3566cc3cbc4a",83,22,5
"0f2c25e5-fc6c-47a4-8add-b12a9cf9c521",80,26,102
"d8292f31-cb47-4662-9f5e-70b76c38959b",93,19,3
"d49070ba-fba1-4211-9a63-c975cb193fbf",93,9,11
"eccb5c75-517e-478d-a7ab-2a49dd11809f",92,20,0
"1abfeed0-4932-4fdc-ab4b-f6998c76cbeb",91,24,14
"45f7a362-ead5-48aa-af0f-696d83076854",86,26,0
"b707ae5b-5fc2-4b87-91d8-92bf329376cb",93,16,10
"84f420ac-91f2-4035-bf6a-f548cf59a261",83,24,0
"7e6e5140-abfa-4494-9879-84333746fe2a",86,20,208
"614d3a34-bcfd-4cb2-8f49-cc6642d08127",83,20,2480
"d0837f74-1222-4149-b9ab-7432592f8688",83,26,1497
"faee2328-9b04-48d0-ae59-a1fa7c542cc2",83,24,9
"d06c0334-bf1a-47f1-9c21-6a7466b9e0b5",80,21,63
"4dee7296-4d68-4477-93cf-a795e1efcd4f",92,22,0
"8e876525-0d44-4e67-b173-3003a6786b65",85,24,73
"82145789-51c6-452d-a304-b2686d16833c",84,27,5
"0097cf4b-b870-4f75-8e5f-f9f89aeb8a18",87,20,2
"9687187f-ee24-407c-9d63-3cd98af7433b",80,24,16
"f8a7dbaa-b53f-4f33-b045-8381e42aec78",83,26,1433
"8bd4c099-892f-4ade-b763-08436dd2ef17",85,21,21
"9e523e4a-e510-4100-8af4-24ccf7b98e20",83,27,11
"75024321-a4b1-4ec2-985d-9e288e8c430b",88,20,60
"1e111a12-76f5-4124-86bb-7c295c0c6545",83,26,0
"2a5c1daa-57ed-4752-8571-32e0bc26ed41",92,1,0
"2a4ea733-dfbf-40b3-9784-bffa8bf3d190",81,1,333
"34b1b8e9-74e9-477b-a9d5-6397a3f7e69d",88,1,14
"a5113955-9e2f-4a97-866c-32990f8dd167",79,2,343
"ffa39a6c-3d7a-4328-b0da-0e0841ff8153",96,2,0
"0694fbd4-3260-4cc6-90d8-578431fc08b5",91,5,3
"987171a3-63d4-493a-9ce1-dd97436dbea1",84,4,995
"cb64eef8-57ca-4825-a285-ad75e31db554",82,4,80
"06abd215-21ae-4db0-85b3-b258bd56d103",87,8,10
"7ac8af7c-5e2b-44ae-83a3-564f7f6ffc08",87,3,277
"52ce00fe-da03-48b2-bf18-3404ca970963",83,2,480
"f3e1552b-174d-4b57-93df-4dc819c91df0",84,8,0
"82aae7b4-a848-4529-afd9-98609212a1c7",93,9,5
"c2681306-821a-4dfe-97ea-bb5df5f0c89f",82,8,541
"6c9528ef-f64c-453a-96b4-5aad65e9551b",87,11,14
"cad92bab-51f2-40fd-ba3a-fd5572558238",80,7,21
"52a987b2-306b-45ca-bc4d-9d02664418ba",82,3,107
"43d65684-2f25-4d38-980a-b92e41779be8",80,15,6
"8d9abf2a-57a8-43f3-b4c9-85fab3abbd09",87,15,9
"5c872e7f-66e2-4c75-9c6f-39b0f94f0d9a",83,16,13
"bd6e2d00-403b-4cf2-bc1e-52e98c950f57",80,16,3
"4233d28d-338b-4e39-9660-f2454b255aad",84,10,1
"b7941bd1-984b-45a3-a747-a3cd64ff3ad1",97,17,11
"95128eb8-2600-4ed0-a4e5-0338867a17cc",79,15,14
"a126569c-f340-4408-90ac-821de058b6f2",89,14,10
"5bd1368d-dc99-4188-aeea-d560ba53b10b",88,19,5
"3f9317bd-a7d6-42dc-a2d3-325989b4589b",89,11,7
"bfe83235-4c79-4459-aace-c939e6a5383f",94,12,40
"cfdabca6-63e6-48cf-9b16-b8b4deb187d7",95,16,0
"ea7b2194-74c1-4aee-a49b-c23dbedc946a",85,12,141
"5003f2eb-ea48-418a-8a0c-053aecc600c9",88,20,21
"ff8861ae-b5fb-4358-9858-50912cad0e1d",92,22,6
"b50cd44b-fe65-4f33-8a3a-d02586cde4a2",89,15,10
"aae41287-7a76-4b9d-b14d-d5648950b6a8",86,14,141
"a4968205-1e99-4e93-9429-b79c8a63cdde",90,14,14
"ced01c3d-02e4-4954-b749-05778cb3f11e",82,21,21
"bab9d975-dda7-4ec1-8e4c-2b22f4dedde8",85,20,8
"aa4d8ba9-3e74-4bf6-a31c-557f80766670",87,10,10
"071e36b2-86e7-43f4-a810-b9dc4f596439",79,7,102
"cb84a1b1-5268-4204-b8f0-f277c67345f5",86,14,0
"63249c14-be57-42a9-9213-0e93e3344daa",86,20,11
"61f0fb43-57e8-4ff9-a00b-072bdc79c1d5",95,10,19
"6baadf14-0710-4121-90e0-cbce3be60677",91,3,655
"af249d01-1da1-44dd-8276-e9bfb467f749",88,24,16
"25a2dc65-90b5-45a1-b4c6-73c4534bebf1",89,7,0
"293587c1-982b-4110-9ace-42050b188689",89,11,29
"6e9ed37f-c04e-442a-af2a-f9b20eee1ac5",83,23,2
"42fed8e3-a8f8-4b28-9b1b-2f0f70855fbf",87,17,40
"978ae9ca-5ace-49ae-90e5-b349ac6cd434",87,17,31
"50238ce8-0a03-4289-affe-de59d263f3c1",91,17,0
"423f86d7-563e-4915-baba-bfe2f9160ea4",81,20,40
"cfd243f7-d237-42d4-b6a8-6f63af195823",81,20,18
"97d904d7-0213-4653-a69d-49a566d0f8aa",93,16,19
"f5dd3762-93f4-4d9f-b9f9-a3c6a16cbce1",79,19,8
"4218188e-90dc-4b66-b8f9-814236ae0abe",94,18,11
"915c9a65-db7e-4615-90bd-8077e09a3a83",88,11,42
"ffe7edea-fb1b-4d5e-ab69-fe7e34cf81b6",87,17,18
"640a02cd-5887-4bb2-90f8-0f29000d9737",79,22,9
"c2fcb1ac-d410-4061-9f3f-cf31ba0f6b53",86,15,5
"37163c15-371d-435f-9d51-79f70ccbc8fd",87,19,0
"b8965d1f-bec6-42c5-93b3-8a15f41d9dcc",92,22,13
"191e6ed4-4492-43a5-94f9-18641ba30b42",95,4,61
"4eaf398a-3787-43bc-9ae2-eae5532d5f71",90,15,39
"71996c3f-a74a-461c-9b43-8727967301b5",84,18,15
"aaf32bbb-6089-4499-994b-4a1215c6edb8",89,12,22
"9d200bed-5f20-4cef-9c8d-a0792a591f7a",94,23,38
"f1186b8b-5b38-4cba-b342-71f2ceef89fd",96,22,1102
"7019600c-3c00-4858-b5a4-248afc021276",84,22,24
"3074211e-9fb5-4944-a2fe-e30161e19f4a",85,10,33
"14385788-5b82-4de5-be96-1daa582ba41e",81,21,9
"b263c357-4973-47cf-b4d7-52120687437d",93,17,9
"ee7996a8-4063-4ca7-b1ba-b0a3ddf72c40",90,16,20
"ac909ba4-b11e-490a-add9-5f2e42d39a7a",95,20,1494
"6dc3c502-e9c5-4fe6-931c-da6fdaf2249b",90,25,13
"6356b8ad-549b-4894-9d5a-427afa1dd508",87,22,653
"ccf4ff81-82eb-4395-ac0c-ffa1845d43b0",90,17,1
"100feede-332e-40a8-a949-2205d5e25204",88,22,12
"bf406ed3-a0e6-4973-94e5-7b19a34cee80",82,20,18
"d4aded02-7dc6-43fa-b8ce-ead3317677e7",92,24,13
"d9813506-eee0-44a3-a2ed-fa23e15d3310",82,24,21
"0d5b6eba-198e-42f4-90db-cc939298c0ff",85,16,37
"7b64dd00-3669-42a0-b779-e80deb4e70d1",84,22,0
"9bc6c6f8-831f-4f58-9e77-4c9492a278f3",95,16,1444
"79e03304-e8ec-441a-a7d5-4b4d4d3f7a8a",87,18,18
"6afdcb32-5ca7-4fd0-854e-54870202bf96",83,16,0
"6ab95aab-939e-46b3-8116-fe68b2baaa22",79,26,2
"70593b0c-835d-4d19-90c5-773c235ec0f2",86,24,45
"e7cc895a-d10b-4bbf-8eb5-ddd51c729ee9",92,17,0
"2fdb9330-3b21-4565-8f62-b65131fa49cc",86,26,44
"ff8b45d5-e310-4d31-a31d-93373acb3438",85,16,127
"f33d6ef3-6322-4aae-8529-804c87cb3bcb",88,19,38
"86bc7acd-d239-40c8-8c48-c797a08dd630",85,1,157
"e83d14d9-8b14-43d3-b69f-6c4c7c070838",83,2,28
"42d55af7-7083-44c4-bb79-d38dd82ffdf0",87,3,170
"948a63cf-ce6d-46b1-b3f5-330218c63f2d",85,2,66
"53088311-5bad-4965-a3ca-4065f66d7e70",84,5,51
"26e61cd0-47bf-4f41-93dd-0c5450f20590",82,3,11
"d0571ce6-b3a3-4770-a55b-3458a9294593",82,4,497
"82df17d9-7c3f-48b2-815e-c476b74855f9",82,2,169
"f6527ba8-0111-4b54-ac04-7f15b683235b",79,5,286
"4ab711b8-b948-42d8-a64d-02d1bc229d19",82,2,38
"70ff8ff0-7458-4b5a-aef4-cfa19fa3f558",81,5,60
"d03483ac-cd36-4b1e-b706-83de22bf1a7d",89,4,150
"cd1054bb-ad7e-42ec-936b-712e95d8d1c3",91,5,18
"79b2b011-cd90-440d-96ac-a1f18f39a93d",82,3,463
"a8f4988b-1b1c-4c0e-a416-302042d4855c",80,8,16
"23991da9-6126-4604-be12-73da22627c0f",86,3,14
"a44d6889-b8ea-4014-a818-71386b1facb6",87,8,21
"496aaac1-2d8f-4475-84f2-aaa8b57a717f",79,7,30
"88a78ce3-fdbc-42ba-811b-2b81e1dbd448",80,21,11
"0e413ef8-3318-422e-856d-a71264843a31",95,11,9
"29f95170-3e16-41c6-85a7-b5eed126812c",87,23,14
"5fd99e4e-17b5-4f36-9b32-bd634c3cf0d4",84,3,2000
"f4b4d73a-99e2-4dae-bde0-eeadbb5c1c8d",92,13,21
"bJ4NaDabqd",83,18,0
"bdf5ca4a-c276-406a-8f57-858c20c2ed75",83,26,4
"1f753cd8-509e-4186-905d-77ee6031fb0f",93,17,0
"fe3281f6-fc51-4613-b693-73ffbd377957",80,7,168
"65627b3e-cb6e-4103-b63d-b13603d72fc9",92,16,0
"55c84a33-1ae8-44b2-91db-4b00270f9a23",87,9,43
"a01b7654-2440-4667-956c-b01dded7b612",87,4,635
"e665d15b-e866-4a88-be3c-7f491221cdd8",86,16,39
"efec3913-c899-4f19-adae-4b71ab3a7824",82,17,13
"e2b53f00-026d-4780-80d3-e8ac4baac9d7",82,19,25
"e2182c94-c4dc-45b9-b091-5d3b8c84a9cb",85,17,38
"bd8b5e31-4167-437c-9a46-034c0aeae801",86,16,20
"3bca9d89-1f16-4f58-a23e-e97a48ad6159",80,20,2
"167d90a8-db9a-47a7-a4d6-75aeaea4c7fe",79,21,25
"ae13799f-72e7-432b-9c86-cb336dc4e190",91,18,47
"efd59033-081a-4c1e-8489-8812fc843f7b",93,14,24
"c5f4821e-9bda-453a-a7d8-ac07e01ced5e",89,19,2
"tbfvwNX88B",85,13,250
"e591fda6-66b9-4468-ad26-e8cd657d3492",80,23,34
"b8581531-ee56-4485-a890-6c7cdc71dfc4",80,22,42
"62d0c4f5-df59-419b-92b8-2f004f112209",93,17,20
"23e4d7b5-11fe-4c0b-b9b0-4e2f58064ea5",83,18,24
"e626226e-e056-456a-8ef9-2fb72f12b215",90,18,1092
"c76ea897-9ae2-4dbb-9035-b51b0f07bb98",93,17,22
"1a6415ef-1cf5-4658-b153-0e4a6d23fdeb",83,28,5
"fb0a912c-8dcb-4431-b9e0-8e8b0673f82d",97,16,52
"4bdd2244-f72b-48bd-9ce5-4fc93fe604d9",92,12,2
"a2196357-73d3-459e-8f71-7e31d9f509a8",84,10,973
"6bae28af-1e1f-49e3-bac3-2b653c132723",91,17,9
"33de3241-09bf-4a28-abb8-5c26d38eb8be",80,18,9
"2NTe5Ln49l",84,19,390
"3f01f24a-a187-4ae3-a012-4fcc9847965e",81,21,0
"42c70d28-0467-4652-a072-26195fe03353",87,18,2
"8f96d5f6-9094-4717-9d52-2b65f767f88e",87,19,49
"aec1d686-6e28-46b3-b089-879a2c91b130",92,17,0
"678c3fdd-46e4-4945-a39b-0e6f9ec14a29",82,20,15
"750e8c59-a72a-4d3b-8d98-eaece5d15de7",91,16,25
"a7abbac8-f6a5-489d-8816-463c1df7a3c6",91,18,105
"da4c03dd-870a-4129-89fd-e951f20e9feb",92,20,25
"0d8bba60-c138-4239-b851-fb313f99aa04",84,24,76
"cab052b5-73f2-4b0d-a456-f41c76d4cf86",94,20,1
"f113c319-544c-4524-abca-8ccd7fd568a0",79,26,0
"7818da51-739b-4617-a572-813134cde33c",93,1,69
"7488b79f-a273-4dbb-a80d-9c4c3f23a3bb",86,1,1104
"576a70a3-cdf5-42e3-add1-9eeab5e9594a",85,1,48
"87e066af-784c-4fe2-bbdf-b33271bbd850",90,1,274
"9d3c1a4a-e20d-4497-88ad-abf31073b7f6",80,7,113
"061dd821-2240-4b6a-be63-feee32556a8a",95,13,14
"dc2dfc94-de72-4c2f-bb41-7d77c0019fb5",85,9,6
"f5c74820-1417-46ad-b4f5-d41941d0a162",89,12,38
"1c48f6f0-0d79-4759-a76f-02260689d7f3",89,2,345
"4556c017-166d-4a21-a746-1a58acd770e8",82,10,49
"f351733a-586b-4702-9009-8c8a13baaf18",92,21,2
"f270ef65-fdc0-4060-9a95-1236b575e540",89,12,3
"8f1df8c6-5485-4f89-8dea-85cc121d6362",81,2,654
"c80d57b4-4a0e-40e6-8c7d-2025dde7333f",83,11,6
"cfd6fc4e-422f-4d4c-83e3-ed74c90883ab",83,16,76
"a0c29147-bcff-47b0-b8b9-2b7c7dc9417f",90,14,1
"5301b891-2188-4313-9b77-459d8e0515be",83,10,989
"251d94b5-01cc-4c7f-b9d6-57b00106d51e",90,8,242
"3353fc2e-2fe4-4d0c-998e-8d8678fbd026",89,11,1435
"6d94f338-cebc-42e4-b5f6-f44c68e08618",93,18,37
"bf529efd-8202-4d3b-a2c8-e7863ece1664",96,23,22
"dcc762d3-84d8-462e-8fe5-a954a981f99e",89,13,0
"bd84ee12-75fd-4605-86b4-7d07121b1d80",81,13,12
"a5552fb3-be2a-4be0-a26d-c36cd534521e",95,16,45
"f8aff629-c771-4919-930a-4adb4d040be5",94,17,1
"d6c0c8e6-5cf3-4131-98f4-46f796d5ea11",84,24,0
"f883bf6e-bc63-492a-a368-a4ea249c0b72",90,8,17
"bba2312f-3388-4fc2-8ca8-655192c9b6b1",88,18,0
"954282ba-8362-4b05-aa32-e24f3e62675a",84,25,20
"5bba93d7-bb08-46c6-aeff-328faccc36c6",86,1,258
"10cbc7ba-6f2f-4e7e-825a-e45470805e3a",88,1,4486
"9ba9e202-f004-4791-bf59-631c78214231",81,1,167
"2b0bc844-e4e3-4508-9104-9e661bf179a7",86,2,256
"9d3df5cb-0389-4965-ab1a-d0ed44f88f05",86,6,44
"d37d2570-7e5e-4d3f-836d-a95853e81bb4",81,3,0
"82a29b99-0d13-4c74-adca-f246054183e4",80,9,30
"c73b6379-c23d-425a-93f9-9f228e323a4d",79,3,409
"54652937-356b-4f89-83bf-ace82d3abb8b",81,12,3
"a10ab813-22f3-4a8a-988d-9a755d78a136",94,13,18
"94b889a0-f182-459a-b616-434ee2c7ed3a",85,10,126
"0b787978-0517-4e7f-a162-a2d70972d913",82,8,13
"cb8809fb-06b8-421d-85f3-e33fb8fad47c",86,19,3
"2cd3790e-bebb-41c0-9363-0fc73d7abee4",90,11,12
"7497ac6b-4fbc-4718-abc4-3ba3dd9431ed",91,13,4999
"ec186dd0-3c01-4e58-8ffb-c708432ed9bc",85,15,12
"cbcd6a45-5891-4aa4-8b25-5fa13b182da7",86,23,0
"b6c9972c-64fc-4ab6-8382-b79b9275b8c3",93,14,7
"a269271f-5d3e-4379-b296-e81cfbc22020",90,11,9
"3283e116-40f0-4cd6-8ee8-0b5b8476035f",83,23,0
"de063ef0-a266-4006-9ca6-c52508b96126",88,15,1
"6b270afd-475d-4e7e-8cc5-a3d08159aec4",86,22,1
"9f557271-5d54-465b-9427-29eec143dba9",91,23,16
"1246f03d-4cc7-4d18-8119-54f1456bccd2",83,26,45
"c0e57e0a-275f-4d31-935e-c516a0708ab5",81,17,18
"25df131c-d4a7-420a-8b7a-6d79a62defeb",85,1,287
"808c24f5-bfe3-4f3f-a14d-92f3870c258d",96,3,40
"b044a931-2a6e-460c-962f-044df45ddc1a",93,7,3
"6139906d-203b-463a-9955-99142a5ebf7f",89,18,46
"8d23bacd-7bfb-49fb-bb20-45f3aa115f10",86,20,0
"b2086a50-985a-44e7-a532-e1f3cb7a19dd",79,23,484
"6440e624-c078-4393-96e7-d3247e0889d1",90,16,25
"cda8a5fb-bf6b-4d02-bec0-ab10e4aeb6a7",97,15,0
"10c57799-e958-4a5f-b529-c50666cb4517",91,17,27
"21e93833-1805-44d2-a569-73cef060e58b",87,13,15
"00fc089b-015e-4478-a16d-7974503491e7",89,18,13
"4bdede32-7bc7-42df-958b-25ececa1c905",89,17,12
"3401e85e-81d5-4201-ac9a-78533d17a7f0",91,17,7
"efdf4660-668b-40c6-a1f5-c54555d05696",79,19,58
"345d71d2-aee0-43b2-99af-eadb00ffc32f",85,2,16
"86d521d0-6781-4a8f-9269-71147eb60bcf",89,8,0
"bca47835-5524-43f4-acc4-3627e17ddfa2",83,22,0
"776583a7-ade0-4bac-8d33-59e6ca0f34a1",89,12,15
"aeca92af-6e9f-49f5-bc2e-ced067e41783",79,18,0
"57efda6c-be91-4bee-aed1-c83ec020b32d",81,25,0
"8ae441f3-2912-471c-ab1c-f8fce7f2d2dc",89,15,21
"5d100d9f-825b-45a4-889a-6fde2153ff7d",81,17,0
"49d992df-74ad-40cf-a4ef-68594b511b24",86,17,0
"588b9579-0e89-4425-84c9-4a9024cf8972",87,17,0
"843b73eb-b79a-46c2-a55c-9e237834d4f5",93,19,1488
"941e88a3-ea02-497e-a5fb-d137ebddced3",88,18,172
"bf36653b-80bb-4c1d-84d0-ea29643759dd",90,10,0
"0567192d-4450-45af-bc9c-be4e44dedeed",90,4,71
"a2254cb5-a5de-43cf-acc8-19a72247d2fe",93,8,52
"c29665cf-20d1-4f6a-8ecc-14886c5cea6e",84,13,47
"bb82be97-856a-416c-9c6b-8deea25f2dab",92,4,238
"e9a2980f-0739-4f5f-ba10-c8b8d866305a",88,12,8
"09eef69d-438d-4c53-8702-aae1f861f2ff",93,16,3
"bca26202-0185-4547-9622-83ce45420b06",89,4,88
"3032fe2e-5bc6-4ed9-b0f6-46a477a07333",92,15,4
"76083037-9de8-4911-81ec-05514594b445",79,22,271
"d2f8182d-e017-45c2-8d54-90e7bf41f37c",95,15,0
"4298f87b-17c0-4016-8b8e-cfd3f1a8128e",84,18,69
"9fa895e8-1f9c-4fbd-b893-d76587f6bc78",87,2,105
"9d8bfe4c-18c2-4807-bbd6-100ce779e5ac",82,14,49
"dda9b0e4-8db7-4cd9-8d8f-7d50682cc95b",80,15,72
"538c133a-79bf-4492-81f6-1d1e468be7f2",83,21,25
"72c31053-cb88-45a4-99b5-5cdcbdcac422",82,6,267
"cf4b892a-f255-47ca-bd41-f216d83eca74",90,13,5
"1b21094c-9dcd-4e1d-85fc-03cffb392fce",80,14,0
"28307ae0-ce61-48f5-b0ff-51f7a9841dbb",82,5,467
"9f2862de-90d2-4287-b783-899e98002255",82,10,1476
"3a938a02-7737-4ba1-9ba1-d2d3677489ff",87,2,5
"8940d024-7438-4aeb-a1c9-b1b25ddea9ee",79,1,303
"481f1fba-a83f-4814-bd87-025264babce6",96,16,0
"3e64c2b2-c41e-4c29-b837-0abe4bf8d784",88,14,52
"bde371d8-55dc-4f3c-8b6e-7f74b34d1c2c",79,11,72